unix_s,vmrss_kb,docs_live,doc_resident_bytes,disk_used_bytes,wa_milli_max,diskfull_refusals,ckpts,manifests,segs_live,sqes_per_submit,used_memory_kb,tier_committed_bytes,tier_index_bytes,log_staging_bytes,ckpt_buffer_bytes,cold_reads_issued,flush_slices,compact_slices,dead_bytes,compact_idle_pressure
1786591752,79836,9549,33554432,0,0,0,0,0,8,14.2,192837,0,139264,33554432,0,0,0,0,0,0
1786591763,2673276,14240,83886080,365281280,1153,0,4,4,64,10.0,503008,2155872256,71303168,33554432,6816082,0,348,0,0,0
1786591774,3655356,14240,83886080,1479966720,1420,0,8,8,78,9.8,530274,3143630848,71303168,33554432,6816082,0,1410,0,0,0
1786591784,3017144,14240,83886080,1911357440,1483,0,12,12,48,9.8,528167,2395996160,142606336,33554432,6816082,0,1821,0,0,0
1786591798,2789600,14240,83886080,2126516224,1511,0,12,12,56,9.7,544007,2155872256,142606336,33554432,6816082,0,2026,0,0,0
1786591808,2994940,14240,83886080,2414116864,1542,0,16,16,36,9.6,528647,2361393152,142606336,33554432,6816082,1,2300,0,0,0
1786591819,2803496,14240,83886080,2818199552,1581,0,16,16,46,9.6,546946,2155872256,142606336,33554432,6816082,1,2685,0,0,0
1786591830,3761956,14240,83886080,3863609344,1657,0,20,20,54,9.6,550508,3125805056,142606336,33554432,6816082,1,3681,0,0,0
1786591840,2998144,14240,83886080,4250914816,1679,0,24,24,46,9.6,544868,2342518784,142606336,33554432,6816082,1,4050,0,0,0
1786591850,2829680,14240,83886080,4736925696,1703,0,24,24,60,9.6,570302,2155872256,142606336,33554432,6816082,2,4513,0,0,0
1786591861,3196576,14240,83886080,5278515200,1726,0,28,28,48,9.6,566965,2526019584,142606336,33554432,6816082,3,5029,0,0,0
1786591872,2837316,14240,83886080,5302665216,1727,0,28,28,48,9.6,568166,2155872256,142606336,33554432,6816082,4,5052,0,0,0
1786591882,3027548,14240,83886080,5493686272,1734,0,32,32,28,9.6,561226,2215641088,285212672,33554432,7340396,4,5234,0,0,0
1786591892,3771292,14240,83886080,6246252544,1760,0,32,32,52,9.5,576939,2852126720,285212672,33554432,7340396,5,5951,0,0,0
1786591902,3275516,14240,83886080,6719619072,1774,0,36,36,47,9.5,580480,2455764992,285212672,33554432,6816082,5,6402,0,0,0
1786591912,3003528,14240,83886080,6951583744,1780,0,40,40,28,9.5,576684,2171600896,285212672,33554432,6816082,5,6623,0,0,0
1786591925,2994672,14240,83886080,7703093248,1798,0,40,40,50,9.5,586724,2155872256,285212672,33554432,6816082,6,7339,0,0,0
1786591935,3530508,14240,83886080,8403181568,1813,0,44,44,50,9.5,580407,2707423232,285212672,33554432,7340396,8,8006,0,0,0
1786591946,3004512,14240,83886080,8844050432,1821,0,44,44,62,9.5,585161,2155872256,285212672,33554432,7340396,9,8426,0,0,0
1786591956,3001576,14240,83886080,8911224832,1822,0,48,48,42,9.5,582533,2155872256,285212672,33554432,4194512,9,8490,0,0,0
1786591966,3404992,14240,83886080,9433923584,1831,0,48,48,57,9.5,589048,2567962624,285212672,33554432,6816082,10,8988,0,0,0
1786591976,3150308,14240,83886080,9714155520,1835,0,52,52,32,9.5,582525,2305818624,285212672,33554432,6816082,12,9255,0,0,0
1786591988,3008600,14240,83886080,10254712832,1843,0,52,52,47,9.5,601140,2155872256,285212672,33554432,6816082,19,9770,0,0,0
1786591998,3311860,14240,83886080,10723876864,1850,0,56,56,44,9.5,590389,2473590784,285212672,33554432,6291768,19,10217,0,0,0
1786592008,3010828,14240,83886080,10765860864,1850,0,56,56,45,9.5,604032,2155872256,285212672,33554432,6291768,19,10257,0,0,0
1786592018,3156088,14240,83886080,11025113088,1854,0,60,60,32,9.5,594166,2311061504,285212672,33554432,7340396,20,10504,0,0,0
1786592029,3012408,14240,83886080,11717853184,1862,0,60,60,50,9.5,598173,2155872256,285212672,33554432,7340396,23,11164,0,0,0
1786592039,3292584,14240,83886080,12193320960,1867,0,64,64,48,9.5,587114,2446327808,285212672,33554432,6816082,24,11617,0,0,0
1786592051,3016836,14240,83886080,12300382208,1868,0,64,64,52,9.5,600695,2155872256,285212672,33554432,6816082,26,11719,0,0,0
1786592061,3184844,14240,83886080,12566986752,1871,0,68,68,32,9.4,594748,2333081600,285212672,33554432,6816082,26,11973,0,0,0
1786592073,3284400,14240,83886080,13179977728,1877,0,68,68,48,9.3,595793,2155872256,570425344,33554432,6816082,27,12557,0,0,0
1786592083,3848416,14240,83886080,13919944704,1883,0,72,72,54,9.1,597799,2735734784,570425344,33554432,6816082,27,13262,0,0,0
1786592093,3388812,14240,83886080,14272610304,1886,0,76,76,40,9.0,591082,2268069888,570425344,33554432,6816082,28,13598,0,0,0
1786592103,3298816,14240,83886080,14693502976,1890,0,80,80,28,9.0,587272,2176843776,570425344,33554432,6816082,32,13999,0,0,0
1786592115,3285460,14240,83886080,15101796352,1893,0,80,80,42,8.9,595638,2155872256,570425344,33554432,6816082,33,14388,0,992,0
1786592125,3444988,14240,83886080,15304376320,1894,0,84,84,29,8.9,593820,2315255808,570425344,33554432,6816082,34,14581,0,992,0
1786592137,3294476,14240,83886080,15411433472,1895,0,84,84,33,8.8,595672,2155872256,570425344,33554432,6816082,34,14683,0,992,0
1786592147,4157272,14240,83886080,16346628096,1901,0,88,88,42,8.7,589796,3046113280,570425344,33554432,6816082,35,15574,0,992,0
1786592157,3292464,14240,83886080,16516661248,1902,0,88,88,48,8.7,596249,2155872256,570425344,33554432,6816082,35,15736,0,992,0
1786592168,3609860,14240,83886080,16928112640,1905,0,92,92,53,8.6,595186,2483027968,570425344,33554432,6816082,36,16128,0,992,0
1786592178,3473708,14240,83886080,17354326016,1907,0,96,96,32,8.6,590116,2345664512,570425344,33554432,6816082,38,16534,0,992,0
1786592188,3291468,14240,83886080,17478172672,1908,0,96,96,37,8.6,600480,2155872256,570425344,33554432,6816082,38,16652,0,992,0
1786592198,3344972,14240,83886080,17662914560,1909,0,100,100,26,8.5,587035,2215641088,570425344,33554432,6816082,39,16828,0,992,0
1786592209,4130352,14240,83886080,18465849344,1913,0,100,100,48,8.5,595204,3016753152,570425344,33554432,6816082,39,17593,0,992,0
1786592219,3394084,14240,83886080,18696765440,1914,0,104,104,42,8.4,590917,2262827008,570425344,33554432,6816082,39,17813,0,992,0
1786592229,3292676,14240,83886080,19350667264,1918,0,104,104,62,8.3,597602,2155872256,570425344,33554432,6816082,39,18436,0,992,0
1786592239,3490544,14240,83886080,19651903488,1919,0,108,108,45,8.3,586776,2360344576,570425344,33554432,6816082,40,18723,0,992,0
1786592249,3295752,14240,83886080,19850280960,1920,0,108,108,73,7.8,585202,2155872256,570425344,33554432,6816082,2152,18912,0,1078336,0
1786592260,3296988,14240,83886080,19854475264,1920,0,108,108,96,7.3,587572,2155872256,570425344,33554432,6816082,9945,18916,0,5167632,0
1786592270,3315900,14240,83886080,19875463168,1919,0,112,112,95,7.1,588111,2172649472,570425344,33554432,6816082,55227,18936,0,28822040,0
1786592280,3299356,14240,83886080,19887013888,1919,0,112,112,115,6.9,591763,2155872256,570425344,33554432,6816082,72572,18947,0,37878856,0
1786592290,3299476,14240,83886080,19888062464,1919,0,112,112,137,6.6,587989,2155872256,570425344,33554432,6816082,76799,18948,0,40097472,0
1786592300,3300116,14240,83886080,19892256768,1918,0,116,116,93,6.4,590101,2155872256,570425344,33554432,6816082,86277,18952,0,44949712,0
1786592310,3299240,14240,83886080,19894362112,1918,0,116,116,105,6.2,585164,2155872256,570425344,33554432,6816082,88702,18954,0,46153864,0
1786592321,3299164,14240,83886080,19896467456,1918,0,116,116,120,6.0,585823,2155872256,570425344,33554432,6816082,92655,18956,0,48196416,0
1786592331,3300440,14240,83886080,19896467456,1918,0,120,120,77,5.9,589921,2155872256,570425344,33554432,6816082,95188,18956,0,49479168,0
1786592341,3298188,14240,83886080,19900661760,1918,0,120,120,94,5.8,587369,2155872256,570425344,33554432,6816082,98919,18960,0,51364520,0
1786592352,3300264,14240,83886080,19900661760,1918,0,124,124,50,5.7,585245,2155872256,570425344,33554432,6816082,103040,18960,0,53491960,0
1786592363,3299388,14240,83886080,19903807488,1918,0,124,124,68,5.6,589910,2155872256,570425344,33554432,6816082,105408,18963,0,54687728,0
1786592373,3304172,14240,83886080,19904856064,1918,0,124,124,84,5.6,585293,2155872256,570425344,33554432,6816082,108618,18964,0,55812232,0
1786592383,3304220,14240,83886080,19904856064,1918,0,128,128,73,5.6,587213,2155872256,570425344,33554432,6816082,138866,18964,0,55864632,0
1786592393,3304464,14240,83886080,19904856064,1918,0,128,128,97,5.6,592601,2155872256,570425344,33554432,6816082,150445,18964,0,56109864,0
1786592403,3304724,14240,83886080,19904856064,1918,0,132,132,78,5.7,585217,2155872256,570425344,33554432,6816082,157859,18964,0,56377104,0
1786592414,3305188,14240,83886080,19904856064,1918,0,132,132,90,5.6,592226,2155872256,570425344,33554432,6816082,159338,18964,0,56434744,0
1786592424,3305336,14240,83886080,19904856064,1918,0,132,132,108,5.6,590999,2155872256,570425344,33554432,6816082,163293,18964,0,56587752,0
1786592434,3306492,14240,83886080,19904856064,1917,0,136,136,86,5.6,585222,2155872256,570425344,33554432,6816082,186417,18964,0,57771992,0
1786592444,3306596,14240,83886080,19904856064,1917,0,136,136,99,5.6,587754,2155872256,570425344,33554432,6816082,188330,18964,0,57880984,0
1786592455,3308048,14240,83886080,19904856064,1917,0,136,136,118,5.6,588475,2155872256,570425344,33554432,6816082,192544,18964,0,58508736,0
1786592465,3319424,14240,83886080,19921649664,1917,0,140,140,91,5.6,585224,2168455168,570425344,33554432,6816082,222402,18980,0,74353448,0
1786592475,3304928,14240,83886080,19925843968,1917,0,140,140,110,5.6,587955,2155872256,570425344,33554432,6816082,226149,18984,0,76287008,0
1786592486,3305492,14240,83886080,19925843968,1917,0,140,140,123,5.5,592410,2155872256,570425344,33554432,6816082,227301,18984,0,76865504,0
1786592496,3309824,14240,83886080,19930038272,1916,0,144,144,85,5.5,585274,2157969408,570425344,33554432,6816082,239792,18988,0,83395592,0
1786592506,3305820,14240,83886080,19934248960,1916,0,144,144,106,5.5,585109,2155872256,570425344,33554432,6816082,244163,18992,0,85590104,0
1786592516,3312792,14240,83886080,19945783296,1915,0,148,148,69,5.5,585201,2163212288,570425344,33554432,6816082,265866,19003,0,96921080,0
1786592526,3306036,14240,83886080,19946831872,1916,0,148,148,87,5.5,585180,2155872256,570425344,33554432,6816082,268780,19004,0,98394568,0
1786592537,3307092,14240,83886080,19946831872,1915,0,148,148,100,5.5,587587,2155872256,570425344,33554432,6816082,270912,19004,0,99474008,0
1786592547,3306248,14240,83886080,19951042560,1915,0,149,149,105,5.5,585250,2155872256,570425344,33554432,6816082,277417,19008,0,102803504,0
1786592557,3317344,14240,83886080,19966787584,1914,0,152,152,92,5.5,593370,2167406592,570425344,33554432,6816082,307254,19023,0,118380976,0
1786592567,3306036,14240,83886080,19969933312,1914,0,153,153,98,5.5,595970,2155872256,570425344,33554432,5767454,313355,19026,0,121487248,0
1786592577,3305756,14240,83886080,19972030464,1914,0,156,156,65,5.5,586998,2155872256,570425344,33554432,6816082,316121,19028,0,122747992,0
1786592587,3305756,14240,83886080,19972030464,1914,0,158,158,59,5.5,588421,2155872256,570425344,33554432,4718826,318503,19028,0,122749040,0
1786592597,3305756,14240,83886080,19972030464,1914,0,160,160,55,5.5,589286,2155872256,570425344,33554432,6816082,323238,19028,0,122749040,0
1786592607,3305756,14240,83886080,19972030464,1914,0,162,162,61,5.5,585182,2155872256,570425344,33554432,6816082,326058,19028,0,122750088,0
1786592617,3306132,14240,83886080,19972030464,1914,0,166,166,58,5.5,585160,2155872256,570425344,33554432,6816082,351532,19028,0,123133656,0
1786592627,3306352,14240,83886080,19972030464,1914,0,170,170,53,5.5,585229,2155872256,570425344,33554432,5243140,357860,19028,0,123355832,0
1786592637,3307548,14240,83886080,19972030464,1914,0,170,170,82,5.5,585160,2155872256,570425344,33554432,6816082,385675,19028,0,124578848,0
1786592647,3308264,14240,83886080,19973079040,1914,0,174,174,64,5.5,587555,2156920832,570425344,33554432,6816082,399889,19029,0,125323976,0
1786592657,3305772,14240,83886080,19975176192,1914,0,174,174,88,5.5,585123,2155872256,570425344,33554432,6816082,406861,19031,0,125915048,0
1786592668,3305780,14240,83886080,19976224768,1914,0,174,174,100,5.5,585211,2155872256,570425344,33554432,6816082,408947,19032,0,126969336,0
1786592678,3307324,14240,83886080,19978330112,1913,0,178,178,72,5.5,593517,2155872256,570425344,33554432,5243140,414226,19034,0,129672128,0
1786592688,3319088,14240,83886080,19997229056,1912,0,178,178,102,5.6,585168,2169503744,570425344,33554432,6816082,449320,19052,0,147936672,0
1786592698,3307736,14240,83886080,19997229056,1912,0,178,178,124,5.6,585307,2155872256,570425344,33554432,6816082,453290,19052,0,149939400,0
1786592709,3307284,14240,83886080,19998277632,1912,0,181,180,106,5.6,585147,2155872256,570425344,33554432,5243140,454424,19053,0,150517896,0
1786592719,3309852,14240,83886080,20005617664,1912,0,183,183,81,5.6,588901,2160066560,570425344,33554432,6816082,465408,19060,0,156299712,0
1786592729,3307928,14240,83886080,20005617664,1912,0,184,184,89,5.6,591139,2155872256,570425344,33554432,6816082,469711,19060,0,158522520,0
1786592739,3311720,14240,83886080,20018216960,1911,0,188,188,59,5.6,586446,2162163712,570425344,33554432,6816082,489338,19072,0,168796064,0
1786592749,3306864,14240,83886080,20030799872,1910,0,188,188,87,5.6,585193,2155872256,570425344,33554432,6816082,515797,19084,0,182596128,0
1786592759,3306984,14240,83886080,20035010560,1910,0,192,192,70,5.6,588408,2156920832,570425344,33554432,6816082,522068,19088,0,185864840,0
1786592769,3306984,14240,83886080,20035010560,1910,0,192,192,84,5.6,585175,2155872256,570425344,33554432,6816082,524148,19088,0,186917032,0
1786592780,3307844,14240,83886080,20036059136,1910,0,192,192,102,5.6,589427,2155872256,570425344,33554432,6816082,528286,19089,0,188842208,0
1786592790,3308380,14240,83886080,20038156288,1909,0,196,196,81,5.6,585730,2157969408,570425344,33554432,6816082,569415,19091,0,189389264,0
1786592801,3305500,14240,83886080,20039204864,1910,0,196,196,102,5.6,585150,2155872256,570425344,33554432,6816082,574742,19092,0,189591528,0
1786592811,3305680,14240,83886080,20039204864,1910,0,198,197,110,5.6,587709,2155872256,570425344,33554432,5243140,578592,19092,0,189770736,0
1786592821,3306100,14240,83886080,20039204864,1910,0,201,201,69,5.6,587656,2155872256,570425344,33554432,6816082,587129,19092,0,190209848,0
1786592831,3306628,14240,83886080,20039204864,1910,0,201,201,92,5.6,588672,2155872256,570425344,33554432,6816082,597124,19092,0,190744328,0
1786592841,3306940,14240,83886080,20039204864,1909,0,202,202,94,5.6,588414,2155872256,570425344,33554432,6816082,603281,19092,0,191061872,0
1786592851,3309088,14240,83886080,20041302016,1909,0,205,205,87,5.7,592975,2157969408,570425344,33554432,6816082,645408,19094,0,193262672,0
1786592861,3306352,14240,83886080,20043399168,1909,0,209,209,62,5.7,586756,2155872256,570425344,33554432,6816082,651616,19096,0,194656512,0
1786592871,3306728,14240,83886080,20047609856,1909,0,209,209,87,5.7,586039,2155872256,570425344,33554432,6816082,660445,19100,0,199244656,0
1786592882,3307816,14240,83886080,20047609856,1909,0,210,210,89,5.7,586045,2155872256,570425344,33554432,6816082,661791,19100,0,199932144,0
1786592892,3308612,14240,83886080,20051804160,1909,0,214,214,62,5.7,586487,2156920832,570425344,33554432,6816082,669437,19104,0,203897776,0
1786592903,3307568,14240,83886080,20055998464,1908,0,216,216,62,5.7,587681,2155872256,570425344,33554432,5767454,677406,19108,0,208066720,0
1786592913,3310848,14240,83886080,20061245440,1908,0,218,218,68,5.7,586154,2157969408,570425344,33554432,6816082,688479,19113,0,213928184,0
1786592923,3314992,14240,83886080,20076986368,1907,0,221,221,68,5.7,585205,2163212288,570425344,33554432,6816082,716205,19128,0,228573984,0
1786592933,3316132,14240,83886080,20089585664,1906,0,225,225,62,5.7,588528,2164260864,570425344,33554432,6816082,740507,19140,0,241299848,0
1786592943,3307696,14240,83886080,20091682816,1906,0,225,225,82,5.7,593050,2155872256,570425344,33554432,6816082,744157,19142,0,243110792,0
1786592953,3307652,14240,83886080,20093779968,1906,0,227,226,82,5.7,589947,2155872256,570425344,33554432,4980983,748157,19144,0,245184784,0
1786592964,3312564,14240,83886080,20101132288,1906,0,229,229,78,5.7,591458,2161115136,570425344,33554432,6816082,761680,19151,0,252292320,0
1786592974,3308096,14240,83886080,20104282112,1905,0,233,233,57,5.7,592611,2155872256,570425344,33554432,6816082,768973,19154,0,256105992,0
1786592984,3307448,14240,83886080,20105330688,1905,0,233,233,69,5.7,585042,2155872256,570425344,33554432,6816082,769758,19155,0,256494800,0
1786592994,3307448,14240,83886080,20105330688,1905,0,234,233,91,5.7,593275,2155872256,570425344,33554432,5243140,773525,19155,0,256496896,0
1786593004,3307804,14240,83886080,20106379264,1905,0,237,237,82,5.7,591882,2156920832,570425344,33554432,6816082,816245,19156,0,256857408,0
1786593014,3307224,14240,83886080,20106379264,1905,0,237,237,105,5.7,585155,2155872256,570425344,33554432,6816082,823231,19156,0,257098448,0
1786593024,3307756,14240,83886080,20106379264,1905,0,241,241,86,5.8,585195,2155872256,570425344,33554432,6816082,836314,19156,0,257646552,0
1786593034,3308028,14240,83886080,20106379264,1905,0,241,241,106,5.8,590034,2155872256,570425344,33554432,6816082,841703,19156,0,257922176,0
1786593045,3308076,14240,83886080,20106379264,1905,0,243,242,105,5.8,595171,2155872256,570425344,33554432,4194512,842657,19156,0,257970384,0
1786593056,3309492,14240,83886080,20107427840,1904,0,245,245,91,5.8,585288,2156920832,570425344,33554432,6816082,870846,19157,0,259418720,0
1786593066,3307780,14240,83886080,20108476416,1904,0,245,245,114,5.8,593010,2155872256,570425344,33554432,6816082,876849,19158,0,259764560,0
1786593076,3321256,14240,83886080,20123172864,1903,0,249,249,86,5.8,585258,2168455168,570425344,33554432,6816082,907595,19172,0,275689968,0
1786593086,3307280,14240,83886080,20127367168,1903,0,249,249,109,5.8,586497,2155872256,570425344,33554432,6816082,912370,19176,0,278132856,0
1786593096,3307776,14240,83886080,20129472512,1903,0,253,253,68,5.8,586127,2155872256,570425344,33554432,4194512,917645,19178,0,280849272,0
1786593106,3313500,14240,83886080,20136820736,1902,0,253,253,94,5.8,592544,2161115136,570425344,33554432,6816082,932726,19185,0,288687264,0
1786593117,3308056,14240,83886080,20137869312,1902,0,253,253,104,5.8,589995,2155872256,570425344,33554432,6816082,934412,19186,0,289537192,0
1786593127,3308028,14240,83886080,20139966464,1902,0,253,253,124,5.8,585157,2155872256,570425344,33554432,6816082,938259,19188,0,291514768,0
1786593137,3309812,14240,83886080,20144160768,1902,0,257,257,89,5.8,595694,2156920832,570425344,33554432,6816082,947725,19192,0,296474952,0
1786593147,3307952,14240,83886080,20148371456,1902,0,257,257,109,5.8,591517,2155872256,570425344,33554432,6816082,952056,19196,0,298756448,0
1786593157,3309740,14240,83886080,20150468608,1901,0,261,261,73,5.8,585250,2157969408,570425344,33554432,6816082,957867,19198,0,301705520,0
1786593167,3308900,14240,83886080,20160954368,1901,0,263,263,72,5.8,589246,2155872256,570425344,33554432,6816082,979968,19208,0,313339368,0
1786593178,3309280,14240,83886080,20162007040,1901,0,263,263,81,5.8,587749,2156920832,570425344,33554432,6816082,980777,19209,0,313728176,0
1786593188,3308596,14240,83886080,20165165056,1900,0,265,264,86,5.8,587307,2155872256,570425344,33554432,4718826,987593,19212,0,317225352,0
1786593198,3308656,14240,83886080,20165165056,1900,0,268,268,75,5.8,585215,2155872256,570425344,33554432,6816082,1016321,19212,0,317286136,0
1786593208,3308848,14240,83886080,20165165056,1900,0,272,272,53,5.8,587593,2155872256,570425344,33554432,6816082,1026024,19212,0,317490496,0
1786593219,3307524,14240,83886080,20167262208,1900,0,272,272,80,5.9,586882,2155872256,570425344,33554432,6816082,1041870,19214,0,318228288,0
1786593229,3307840,14240,83886080,20167262208,1900,0,276,276,64,5.9,587711,2155872256,570425344,33554432,6816082,1047835,19214,0,318543736,0
1786593239,3307896,14240,83886080,20167262208,1900,0,276,276,77,5.9,587505,2155872256,570425344,33554432,6816082,1049273,19214,0,318601376,0
1786593249,3308152,14240,83886080,20167262208,1900,0,277,276,97,5.9,586321,2155872256,570425344,33554432,5767454,1054016,19214,0,318867568,0
1786593260,3310628,14240,83886080,20169359360,1900,0,280,280,79,5.9,588092,2157969408,570425344,33554432,6816082,1101464,19216,0,321410016,0
1786593270,3308908,14240,83886080,20169359360,1900,0,280,280,97,5.9,587932,2155872256,570425344,33554432,6816082,1107801,19216,0,321733848,0
1786593280,3313128,14240,83886080,20177747968,1899,0,284,284,83,5.9,588529,2160066560,570425344,33554432,6816082,1124123,19224,0,330253040,0
1786593290,3307364,14240,83886080,20181942272,1899,0,285,284,102,5.9,592816,2155872256,570425344,33554432,5767454,1129040,19228,0,332744136,0
1786593300,3307960,14240,83886080,20181942272,1899,0,287,285,100,5.8,595058,2155872256,570425344,33554432,3145884,1130294,19228,0,333351976,0
1786593310,3313496,14240,83886080,20188250112,1898,0,289,289,75,5.8,585242,2161115136,570425344,33554432,6816082,1143008,19234,0,340070704,0
1786593321,3308392,14240,83886080,20192444416,1898,0,292,291,81,5.8,591013,2156920832,570425344,33554432,5243140,1149083,19238,0,343235664,0
1786593331,3313748,14240,83886080,20202946560,1897,0,295,295,62,5.9,586570,2161115136,570425344,33554432,6816082,1171675,19248,0,355104264,0
1786593341,3308148,14240,83886080,20207140864,1897,0,295,295,82,5.8,585220,2155872256,570425344,33554432,6816082,1178734,19252,0,358775408,0
1786593351,3308780,14240,83886080,20211335168,1897,0,299,299,72,5.8,585147,2155872256,570425344,33554432,6816082,1187865,19256,0,363548000,0
1786593361,3308084,14240,83886080,20212387840,1897,0,299,299,81,5.8,588930,2155872256,570425344,33554432,6816082,1188543,19257,0,363883360,0
1786593371,3309300,14240,83886080,20218691584,1896,0,303,303,66,5.8,585387,2156920832,570425344,33554432,6816082,1201013,19263,0,370382008,0
1786593381,3308732,14240,83886080,20222885888,1896,0,307,306,62,5.8,585337,2155872256,570425344,33554432,5243140,1209982,19267,0,375035128,0
1786593392,3315548,14240,83886080,20238630912,1895,0,310,310,53,5.8,588550,2164260864,570425344,33554432,6816082,1237449,19282,0,389432552,0
1786593402,3308932,14240,83886080,20240728064,1894,0,310,310,75,5.8,585188,2155872256,570425344,33554432,6816082,1246738,19284,0,393070160,0
1786593412,3308936,14240,83886080,20240728064,1894,0,310,310,87,5.8,585157,2155872256,570425344,33554432,6816082,1248691,19284,0,393071208,0
1786593422,3308940,14240,83886080,20240728064,1894,0,314,314,76,5.8,591770,2155872256,570425344,33554432,4718826,1252077,19284,0,393073304,0
1786593432,3309368,14240,83886080,20242825216,1894,0,315,315,90,5.8,590786,2157969408,570425344,33554432,6816082,1291623,19286,0,393512416,0
1786593442,3307644,14240,83886080,20242825216,1894,0,318,318,67,5.8,586263,2155872256,570425344,33554432,4718826,1298601,19286,0,393844632,0
1786593452,3307964,14240,83886080,20242825216,1894,0,319,319,86,5.8,587497,2155872256,570425344,33554432,6816082,1304708,19286,0,394172656,0
1786593462,3308220,14240,83886080,20242825216,1894,0,322,322,68,5.8,585248,2155872256,570425344,33554432,4194512,1309329,19286,0,394432560,0
1786593472,3307812,14240,83886080,20244922368,1894,0,324,324,75,5.8,585109,2155872256,570425344,33554432,6816082,1341760,19288,0,396110408,0
1786593482,3313324,14240,83886080,20255424512,1893,0,328,328,62,5.8,585209,2162163712,570425344,33554432,6816082,1361367,19298,0,406045448,0
1786593492,3309240,14240,83886080,20257521664,1893,0,328,328,87,5.8,592288,2155872256,570425344,33554432,6816082,1367798,19300,0,409322544,0
1786593504,3309488,14240,83886080,20259618816,1892,0,329,329,90,5.8,585195,2155872256,570425344,33554432,6816082,1372256,19302,0,411678448,0
1786593514,3314040,14240,83886080,20268015616,1892,0,333,333,62,5.8,589982,2161115136,570425344,33554432,5767454,1387496,19310,0,419559408,0
1786593524,3313528,14240,83886080,20282703872,1891,0,333,333,90,5.8,592650,2160066560,570425344,33554432,6816082,1416210,19324,0,434684144,0
1786593534,3313544,14240,83886080,20291108864,1890,0,337,337,70,5.8,585176,2160066560,570425344,33554432,6816082,1432445,19332,0,443097488,0
1786593544,3308420,14240,83886080,20295303168,1890,0,339,339,73,5.8,585229,2155872256,570425344,33554432,6816082,1438413,19336,0,446236248,0
1786593555,3309504,14240,83886080,20295303168,1890,0,341,341,66,5.8,588728,2155872256,570425344,33554432,6816082,1440633,19336,0,447340840,0
1786593565,3308580,14240,83886080,20298461184,1890,0,341,341,81,5.8,587042,2155872256,570425344,33554432,6816082,1444935,19339,0,449561552,0
1786593575,3316788,14240,83886080,20308951040,1889,0,345,345,63,5.8,593915,2164260864,570425344,33554432,6816082,1464916,19349,0,460118056,0
1786593585,3309732,14240,83886080,20334149632,1887,0,345,345,92,5.8,589360,2155872256,570425344,33554432,6816082,1514700,19373,0,486374648,0
1786593596,3315688,14240,83886080,20345683968,1886,0,349,349,68,5.8,586396,2163212288,570425344,33554432,6816082,1534716,19384,0,496873512,0
1786593606,3308392,14240,83886080,20354088960,1885,0,349,349,95,5.8,589557,2155872256,570425344,33554432,6816082,1558380,19392,0,504921104,0
1786593616,3308392,14240,83886080,20354088960,1885,0,349,349,107,5.8,593844,2155872256,570425344,33554432,6816082,1559127,19392,0,504922152,0
1786593627,3308392,14240,83886080,20354088960,1885,0,349,349,129,5.8,587838,2155872256,570425344,33554432,6816082,1562707,19392,0,504925296,0
1786593637,3309208,14240,83886080,20354088960,1885,0,353,353,106,5.8,587558,2155872256,570425344,33554432,6816082,1581523,19392,0,504937872,0
1786593647,3309220,14240,83886080,20354088960,1885,0,353,353,127,5.8,592863,2155872256,570425344,33554432,6816082,1584852,19392,0,504952544,0
1786593659,3309240,14240,83886080,20354088960,1885,0,353,353,138,5.8,594338,2155872256,570425344,33554432,6816082,1585696,19392,0,504973504,0
1786593669,3309936,14240,83886080,20354088960,1885,0,357,357,83,5.8,585940,2155872256,570425344,33554432,6816082,1589915,19392,0,505050008,0
1786593679,3310580,14240,83886080,20354088960,1885,0,357,357,108,5.8,585145,2155872256,570425344,33554432,6816082,1608423,19392,0,505708152,0
1786593690,3311232,14240,83886080,20356186112,1884,0,358,358,111,5.8,595982,2155872256,570425344,33554432,6816082,1611752,19394,0,507421632,0
1786593700,3318876,14240,83886080,20370882560,1883,0,361,361,88,5.8,587836,2164260864,570425344,33554432,6816082,1640595,19408,0,522601912,0
1786593710,3309600,14240,83886080,20374028288,1883,0,362,362,93,5.8,585259,2155872256,570425344,33554432,6816082,1644617,19411,0,524632936,0
1786593721,3310444,14240,83886080,20374028288,1883,0,365,364,79,5.7,588874,2155872256,570425344,33554432,5767454,1646331,19411,0,525493344,0
1786593731,3310372,14240,83886080,20376125440,1883,0,367,366,71,5.7,592761,2155872256,570425344,33554432,4718826,1650241,19413,0,527517032,0
1786593741,3315640,14240,83886080,20387676160,1882,0,369,369,57,5.7,590527,2162163712,570425344,33554432,6816082,1670740,19424,0,538163664,0
1786593751,3310900,14240,83886080,20390821888,1882,0,373,373,52,5.7,585288,2155872256,570425344,33554432,5243140,1677593,19427,0,541752016,0
1786593762,3315928,14240,83886080,20401324032,1881,0,374,374,73,5.7,592733,2156920832,570425344,33554432,6816082,1697064,19437,0,552109400,0
1786593772,3326256,14240,83886080,20422311936,1879,0,378,378,64,5.8,587166,2171600896,570425344,33554432,6816082,1739226,19457,0,574274600,0
1786593782,3311244,14240,83886080,20426506240,1879,0,378,378,88,5.8,585276,2155872256,570425344,33554432,6816082,1747893,19461,0,578767376,0
1786593793,3311728,14240,83886080,20430704640,1878,0,382,382,75,5.8,589519,2156920832,570425344,33554432,6816082,1754932,19465,0,582384024,0
1786593803,3310216,14240,83886080,20431757312,1878,0,382,382,84,5.7,585199,2155872256,570425344,33554432,6816082,1756587,19466,0,582932128,0
1786593813,3310216,14240,83886080,20431757312,1878,0,385,384,78,5.7,590034,2155872256,570425344,33554432,5243140,1760807,19466,0,582933176,0
1786593823,3310316,14240,83886080,20431757312,1878,0,388,388,65,5.8,587215,2155872256,570425344,33554432,6816082,1787554,19466,0,583033784,0
1786593833,3310420,14240,83886080,20431757312,1878,0,389,389,78,5.8,589209,2155872256,570425344,33554432,6291768,1793329,19466,0,583141728,0
1786593843,3310892,14240,83886080,20431757312,1878,0,392,392,74,5.8,585232,2155872256,570425344,33554432,6816082,1810410,19466,0,583618568,0
1786593853,3310800,14240,83886080,20433862656,1878,0,393,393,85,5.8,586952,2156920832,570425344,33554432,6816082,1829828,19468,0,584575392,0
1786593863,3310872,14240,83886080,20434911232,1878,0,397,397,71,5.8,589503,2156920832,570425344,33554432,6816082,1852499,19469,0,585701992,0
1786593873,3310000,14240,83886080,20434911232,1878,0,397,397,90,5.7,587571,2155872256,570425344,33554432,6816082,1855074,19469,0,585855000,0
1786593885,3310280,14240,83886080,20434911232,1878,0,398,398,95,5.7,586827,2155872256,570425344,33554432,6816082,1859385,19469,0,586143200,0
1786593895,3319780,14240,83886080,20447494144,1877,0,402,402,70,5.7,586528,2166358016,570425344,33554432,6816082,1882181,19481,0,598051624,0
1786593905,3311396,14240,83886080,20455899136,1876,0,402,402,96,5.7,589352,2155872256,570425344,33554432,6816082,1901717,19489,0,608254952,0
1786593915,3310752,14240,83886080,20460093440,1876,0,406,406,69,5.7,592088,2156920832,570425344,33554432,6816082,1906553,19493,0,610747096,0
1786593926,3310240,14240,83886080,20460093440,1876,0,406,406,82,5.7,585270,2155872256,570425344,33554432,6816082,1907666,19493,0,611267952,0
1786593936,3310548,14240,83886080,20464291840,1875,0,410,410,58,5.7,585301,2156920832,570425344,33554432,6816082,1914306,19497,0,614729496,0
1786593946,3311320,14240,83886080,20468498432,1875,0,413,413,59,5.7,587929,2156920832,570425344,33554432,6816082,1924097,19501,0,619712736,0
1786593957,3322216,14240,83886080,20484243456,1874,0,417,417,55,5.7,588072,2168455168,570425344,33554432,6816082,1953401,19516,0,635161304,0
1786593967,3310076,14240,83886080,20487389184,1873,0,417,417,76,5.7,585897,2155872256,570425344,33554432,6816082,1960161,19519,0,638362944,0
1786593977,3310816,14240,83886080,20488437760,1873,0,421,421,79,5.7,587164,2156920832,570425344,33554432,6816082,2002390,19520,0,639130080,0
1786593987,3309488,14240,83886080,20489486336,1873,0,421,421,102,5.7,585256,2155872256,570425344,33554432,6816082,2016110,19521,0,639855296,0
1786593997,3309548,14240,83886080,20489486336,1873,0,422,421,110,5.7,593895,2155872256,570425344,33554432,4718826,2017415,19521,0,639923416,0
1786594007,3310868,14240,83886080,20489486336,1873,0,425,425,93,5.7,585472,2155872256,570425344,33554432,6816082,2041941,19521,0,641269048,0
1786594017,3311156,14240,83886080,20489486336,1873,0,425,425,117,5.7,588552,2155872256,570425344,33554432,6816082,2047287,19521,0,641567728,0
1786594028,3311204,14240,83886080,20489486336,1873,0,429,429,85,5.7,589150,2155872256,570425344,33554432,6816082,2048186,19521,0,641611744,0
1786594038,3311204,14240,83886080,20489486336,1873,0,429,429,109,5.7,597464,2155872256,570425344,33554432,6816082,2048186,19521,0,641611744,0
