unix_s,vmrss_kb,disk_used_bytes,wal_bytes,flush_bytes,user_bytes,wa_milli_max,diskfull_refusals,ckpts,manifests,sqes_per_submit
1786051686,189016,617218048,685506560,619593728,681574400,1915,0,4,4,3.1
1786051696,190068,799850496,1416299744,802938880,1401294960,1642,0,18,18,1.7
1786051706,188044,984580096,2187150176,988389376,2160465840,1535,0,31,30,1.6
1786051717,212024,1396060160,2774762574,1401458688,2739098960,1606,0,39,39,1.6
1786051727,214364,1039167488,3529905792,1582698496,3482691680,1546,0,51,51,1.6
1786051737,219824,1321533440,4127134542,2001031168,4070806480,1594,0,60,60,1.5
1786051747,219896,1080123392,4779035074,2163310592,4712748560,1558,0,70,68,1.5
1786051757,225392,1486323712,5384718590,2571091968,5309210400,1593,0,78,78,1.5
1786051767,228520,1257504768,5907136632,3015770112,5823606880,1631,0,86,86,1.5
1786051777,226992,1199788032,6551430586,3362455552,6458104640,1641,0,95,95,1.5
1786051787,229116,922660864,7240066556,3623772160,7136195040,1621,0,106,106,1.5
1786051797,229308,1102172160,8002679132,3803967488,7887252880,1592,0,116,116,1.5
1786051807,228608,1117892608,8567183180,4224393216,8443089200,1615,0,125,125,1.5
1786051817,228852,1190338560,9320492660,4431986688,9184973200,1593,0,137,137,1.5
1786051827,233772,1158844416,9726297686,5074759680,9584537040,1651,0,143,143,1.5
1786051838,235560,943648768,10491908600,5263368192,10338499600,1627,0,153,153,1.5
1786051848,229812,1128411136,11264992492,5448835072,11099870080,1605,0,165,165,1.5
1786051858,231036,1123143680,11756581138,5848190976,11583866320,1623,0,173,172,1.5
1786051868,230024,1170399232,12520788474,6030495744,12336489360,1604,0,184,184,1.5
1786051878,242912,1541976064,12944413860,6673268736,12753598000,1647,0,190,190,1.5
1786051888,244528,937353216,13679759318,6875574272,13477742720,1631,0,201,201,1.5
1786051898,243476,1036038144,14359314412,7109509120,14146966080,1641,0,212,212,1.5
1786051908,243364,1126293504,14977831506,7469879296,14756009840,1627,0,221,221,1.5
1786051918,242788,1216581632,15724480594,7695384576,15491339760,1622,0,232,232,1.5
1786051928,246036,977252352,16188423102,8264392704,15948162880,1631,0,239,239,1.5
1786051939,246504,952045568,16906765896,8508850176,16655590640,1634,0,251,251,1.5
1786051949,246188,1063325696,17639309292,8755429376,17377008480,1641,0,260,260,1.5
1786051959,245196,1133637632,18169339704,9095778304,17898918960,1632,0,268,268,1.5
1786051969,246840,1116868608,18670506192,9213808640,18392490480,1623,0,275,275,1.5
1786051979,246608,1290047488,18977782612,9387663360,18695094080,1636,0,280,280,1.5
1786051989,246184,1272197120,19176545282,9639501824,18890811680,1633,0,284,284,1.5
1786051999,250532,1255407616,19428340916,9892401152,19138736240,1629,0,287,287,1.5
1786052009,251468,905867264,19891206214,10081017856,19594555760,1640,0,294,294,1.5
1786052019,252316,1012936704,20610489146,10323378176,20302907040,1646,0,306,305,1.5
1786052029,252036,1098997760,21234185366,10679529472,20917094640,1636,0,315,315,1.5
1786052039,252096,1196638208,21968255682,10912415744,21640010080,1636,0,325,325,1.5
1786052049,251920,1135747072,22492982158,11390803968,22156714320,1634,0,334,334,1.5
1786052059,251056,924758016,23146083302,11718508544,22799844080,1641,0,343,343,1.5
1786052070,250904,1033924608,23867676018,11962974208,23510466720,1645,0,353,353,1.5
1786052080,251500,1258549248,24486476820,12323348480,24119820400,1637,0,362,362,1.5
1786052090,251228,1196638208,25118665552,12530941952,24742397680,1640,0,372,372,1.5
1786052100,251520,1138892800,25636321218,13012488192,25252139120,1636,0,380,380,1.5
1786052110,251864,1058062336,26283379504,13335977984,25889316960,1643,0,389,389,1.5
1786052120,251868,1030774784,27009180438,13578338304,26604081920,1647,0,400,399,1.5
1786052130,251788,1255399424,27625332660,13938712576,27210835600,1639,0,409,409,1.5
1786052140,251528,1230225408,28340539222,14183186432,27915141280,1643,0,420,419,1.5
1786052150,251540,1305796608,28855621448,14663684096,28422371120,1637,0,428,428,1.5
1786052160,251160,1107402752,29494980452,15004033024,29051975680,1650,0,437,437,1.5
1786052171,253160,1044426752,30246399772,15210569728,29791987680,1646,0,447,447,1.5
1786052181,252388,1134682112,30859127392,15570931712,30395343680,1640,0,457,457,1.5
1786052191,251924,1238622208,31542106760,15810142208,31067940800,1644,0,467,467,1.5
1786052201,252192,1275355136,32013717170,16251650048,31532363200,1639,0,475,475,1.5
1786052211,253620,958353408,32640533776,16607809536,32149614640,1649,0,484,484,1.5
1786052221,253740,1038123008,33384312672,16822767616,32882092880,1647,0,495,495,1.5
1786052231,255196,1262743552,34001942898,17183137792,33490285920,1641,0,505,503,1.5
1786052241,253608,1108459520,34716332542,17432879104,34193803280,1644,0,515,515,1.5
1786052251,252864,1446453248,35251946818,17907060736,34721250720,1639,0,524,522,1.5
1786052261,258332,982491136,35890240176,18250567680,35349803840,1649,0,534,532,1.5
1786052271,257216,1052819456,36636129922,18456047616,36084362080,1646,0,544,544,1.5
1786052281,258720,1144135680,37254095912,18817470464,36692902480,1641,0,553,553,1.5
1786052292,256848,1165144064,37995495962,19108311040,37423024080,1644,0,564,564,1.5
1786052302,258120,1387663360,38438685354,19466571776,37859472560,1640,0,570,570,1.5
1786052312,258456,1237561344,38766851184,19720519680,38182616160,1642,0,576,576,1.5
1786052322,258700,1102147584,39447748096,19989217280,38853153040,1650,0,585,585,1.5
1786052332,259400,1138892800,40259545410,20295856128,39652626000,1643,0,598,597,1.5
1786052342,258576,1259610112,40982536914,20686790656,40364572560,1646,0,608,608,1.5
1786052352,257040,1177739264,41644727348,21144113152,41016667120,1640,0,619,618,1.5
1786052362,258896,1044422656,42345317858,21549793280,41706571920,1652,0,628,628,1.5
1786052372,259368,1170386944,43200910804,21811118080,42549180960,1645,0,641,641,1.5
1786052382,259296,1062273024,43781243860,22107217920,43120651600,1641,0,651,651,1.5
1786052393,258288,1293201408,44151729388,22339039232,43485502320,1646,0,656,656,1.5
1786052403,258220,1381363712,44681686916,22697299968,44007377440,1642,0,663,662,1.5
1786052413,259444,996134912,45366672148,23119843328,44681902720,1650,0,675,675,1.5
1786052423,257152,1131556864,46224010202,23390662656,45526220480,1647,0,687,687,1.5
1786052433,259120,1087459328,46969613658,23751028736,46260435520,1643,0,697,697,1.5
1786052443,257088,1219723264,47670852324,24153559040,46950996560,1644,0,709,708,1.5
1786052453,258324,1247006720,48131535898,24585580544,47404638320,1647,0,715,715,1.5
1786052463,259164,1026576384,48542480666,24768929792,47809321040,1653,0,721,721,1.5
1786052473,256960,1097949184,49290121034,24975458304,48545618160,1648,0,733,733,1.5
1786052483,258364,1303695360,49940277442,25316872192,49185860880,1643,0,742,742,1.5
1786052493,258040,1247002624,50301862482,25529720832,49541936080,1647,0,749,748,1.5
1786052503,259088,1275355136,50842011314,25827930112,50073851360,1644,0,755,755,1.5
1786052514,257400,1075916800,51485792754,26302107648,50707793760,1650,0,764,764,1.5
1786052524,257500,1066459136,52343166920,26562371584,51552139600,1649,0,777,777,1.5
1786052534,258636,1154633728,52839278534,26785763328,52040709760,1645,0,785,785,1.5
1786052544,258640,1095860224,53228890352,26996514816,52424363680,1645,0,792,792,1.5
1786052554,259280,1177735168,53907862690,27348459520,53092993200,1645,0,801,801,1.5
1786052564,257344,1298448384,54206680200,27604516864,53387261200,1644,0,805,805,1.5
1786052574,259132,1079062528,54628669826,27923791872,53802794240,1651,0,811,811,1.5
1786052584,259404,1063313408,55481209720,28177739776,54642385200,1649,0,825,824,1.5
1786052594,258064,1211322368,55855649886,28326318080,55011133840,1647,0,830,830,1.5
1786052604,258500,1165135872,55938051406,28414832640,55092279840,1646,0,832,832,1.5
1786052614,258020,1254354944,56015790168,28504395776,55168810320,1646,0,832,832,1.5
1786052625,258260,1142038528,56108191916,28526522368,55259777040,1645,0,835,834,1.5
1786052635,259180,1028685824,56203548566,28547604480,55353673440,1645,0,836,836,1.5
1786052645,258972,1101107200,56291897344,28620308480,55440682960,1649,0,837,837,1.5
1786052655,257436,1208164352,56368474212,28727783424,55516080880,1650,0,838,838,1.5
1786052665,258632,1094803456,56452752072,28748861440,55599062480,1649,0,839,839,1.5
1786052675,258344,982487040,56545419964,28770988032,55690324560,1649,0,841,841,1.5
1786052685,259152,1004523520,56641050268,28793110528,55784505920,1648,0,842,842,1.5
1786052695,258348,1038123008,56727152474,28826836992,55869303360,1648,0,843,843,1.5
1786052705,261760,1116860416,56808402210,28905873408,55949306400,1647,0,844,844,1.5
1786052715,262704,1003495424,56900295528,28926947328,56039789520,1647,0,847,847,1.5
1786052725,264240,1046523904,56992669348,28970143744,56130763520,1646,0,847,847,1.5
1786052735,264140,1179824128,57065145592,29103964160,56202137680,1646,0,847,847,1.5
1786052746,263184,934211584,57145240524,29127151616,56281013360,1645,0,851,851,1.5
1786052756,264644,955203584,57237858060,29148225536,56372227600,1645,0,851,851,1.5
1786052766,264276,1089572864,57310058200,29283110912,56443322000,1644,0,851,851,1.5
1786052776,263536,1198727168,57383552652,29392691200,56515671680,1650,0,852,852,1.5
1786052786,263484,817696768,57465908756,29414817792,56596764640,1649,0,855,855,1.5
1786052796,263332,838688768,57557927540,29435891712,56687389200,1649,0,856,856,1.5
1786052806,262772,924766208,57645569818,29522300928,56773701920,1654,0,856,856,1.5
1786052816,262812,949956608,57729838806,29547589632,56856676240,1654,0,858,858,1.5
1786052826,263924,836591616,57822123448,29568663552,56947558720,1653,0,860,860,1.5
1786052836,263816,858632192,57917993464,29590790144,57041976160,1653,0,860,860,1.5
1786052846,262784,881725440,58008479992,29613973504,57131091680,1652,0,862,862,1.5
1786052856,263048,902717440,58097758456,29635047424,57219017440,1652,0,864,864,1.5
1786052867,262788,924758016,58190845912,29657174016,57310694480,1651,0,866,866,1.5
1786052877,264204,945745920,58283906968,29678243840,57402345520,1651,0,866,866,1.5
1786052887,264428,966750208,58373313208,29699325952,57490397120,1650,0,867,867,1.5
1786052897,263180,988790784,58461992920,29721452544,57577733200,1650,0,870,870,1.5
1786052907,264200,1034973184,58554514410,29767815168,57668852800,1649,0,871,871,1.4
1786052917,263252,1100046336,58637379868,29833142272,57750443920,1649,0,871,871,1.4
1786052927,263528,1122091008,58731365970,29855272960,57842985200,1648,0,873,873,1.4
1786052937,263508,1009778688,58825582094,29877403648,57935767760,1648,0,875,875,1.4
1786052947,263812,1031831552,58919003246,29899534336,58027773440,1647,0,875,875,1.4
1786052957,263972,1053872128,59012771822,29921660928,58120121280,1647,0,878,878,1.4
1786052968,263668,1115803648,59102958816,29983834112,58208941440,1646,0,879,879,1.4
1786052978,263084,1232306176,59177167680,30100791296,58281995200,1646,0,880,880,1.4
1786052988,263300,1119997952,59265937138,30122921984,58369384320,1645,0,881,881,1.4
1786052998,263216,1007681536,59361344604,30145048576,58463333760,1645,0,882,882,1.4
1786053008,263840,1052823552,59454941062,30190362624,58555512080,1646,0,884,884,1.4
1786053018,262936,1118949376,59535222708,30256746496,58634558320,1649,0,885,885,1.4
1786053028,263980,1139941376,59627186944,30277820416,58725106960,1649,0,886,886,1.4
1786053038,263568,1026576384,59717256574,30298894336,58813792960,1648,0,888,888,1.4
1786053048,264580,1049669632,59813160382,30322077696,58908243680,1648,0,890,890,1.4
1786053058,262700,1139933184,59894440680,30412693504,58988290400,1647,0,890,890,1.4
1786053069,265936,1229164544,59976179600,30502264832,59068776000,1647,0,891,891,1.4
1786053079,267920,982503424,60068812136,30524399616,59160000640,1646,0,894,894,1.4
1786053089,268360,1004539904,60163293512,30546522112,59253050480,1646,0,894,894,1.4
1786053099,267696,1027633152,60255249992,30569705472,59343613680,1645,0,895,895,1.4
1786053109,268648,1046536192,60342437576,30588678144,59429480240,1645,0,897,897,1.4
1786053119,267684,1069625344,60434132168,30611857408,59519785520,1644,0,899,899,1.4
1786053129,268304,1224966144,60507351696,30767804416,59591881440,1644,0,899,899,1.4
1786053139,268316,977244160,60591516910,30788878336,59674747600,1644,0,901,901,1.4
1786053149,267548,1066471424,60672493236,30878449664,59754495840,1643,0,902,902,1.4
1786053159,268108,1154641920,60747677384,30966960128,59828536560,1643,0,903,903,1.4
1786053169,267536,1109504000,60826561806,31056527360,59906216240,1648,0,905,905,1.4
1786053179,267516,997187584,60913365862,31078653952,59991684480,1647,0,906,906,1.4
1786053190,267228,1021325312,61015463540,31102885888,60092214000,1647,0,906,906,1.4
1786053200,268936,960450560,61587299588,31311527936,60655371920,1650,0,915,915,1.4
1786053210,267420,954155008,62186694426,31709839360,61245585440,1649,0,925,925,1.4
1786053220,268644,1033920512,62946785562,31924793344,61994136880,1648,0,936,935,1.4
1786053230,268304,1174585344,63653103742,32200876032,62689725280,1644,0,945,945,1.4
1786053240,267644,1223913472,64200298588,32655032320,63228534720,1647,0,954,954,1.4
1786053250,267396,1051766784,64799350824,33021726720,63818449760,1650,0,964,964,1.4
1786053260,267512,1011884032,65423175532,33386319872,64432739280,1652,0,973,973,1.4
1786053270,269008,1110544384,66169152906,33620242432,65167383840,1648,0,983,983,1.4
1786053280,268216,1268006912,66860848208,33913184256,65848565120,1645,0,994,994,1.4
1786053290,268528,1224966144,67498848336,34274611200,66476795840,1647,0,1004,1004,1.4
1786053300,268460,1086406656,68037340088,34675027968,67007083520,1649,0,1011,1011,1.4
1786053311,268104,1017131008,68540080640,35010113536,67502110000,1652,0,1019,1019,1.4
1786053321,267436,987738112,69278444382,35250364416,68229259280,1649,0,1030,1030,1.4
1786053331,268060,1272205312,69982224780,35535925248,68922354800,1645,0,1041,1040,1.4
1786053341,267864,1055977472,70629333718,35858370560,69559555520,1647,0,1051,1051,1.4
1786053351,268144,1210277888,71220615386,36283019264,70141854640,1649,0,1059,1059,1.4
1786053361,269264,1072771072,71818035690,36684492800,70730103600,1652,0,1067,1067,1.4
1786053371,267884,1025519616,72569030346,36906819584,71469716240,1648,0,1079,1079,1.4
1786053381,268344,1275346944,73182197778,37292486656,72073531920,1647,0,1088,1088,1.4
1786053391,268360,1107410944,73912929766,37528526848,72793126640,1647,0,1099,1099,1.4
1786053401,268176,1308946432,74458058806,38000599040,73329953840,1650,0,1108,1107,1.4
1786053411,268008,906919936,74962470192,38271406080,73826622480,1652,0,1114,1114,1.4
1786053422,268120,1149382656,75670091520,38514810880,74523519200,1649,0,1125,1125,1.4
1786053432,267840,1256452096,76288325970,38892044288,75132324800,1647,0,1134,1134,1.4
1786053442,268924,1083265024,77017860302,39122817024,75850743280,1647,0,1145,1145,1.4
1786053452,267896,1419157504,77575883572,39594885120,76400279280,1648,0,1154,1154,1.4
1786053462,267760,932106240,78221995468,39915216896,77036484720,1651,0,1164,1163,1.4
1786053472,267904,1170378752,78967474222,40154411008,77770656080,1648,0,1173,1173,1.4
1786053482,267912,1178775552,79544405120,40567472128,78338774800,1649,0,1183,1183,1.4
1786053492,267980,1172496384,80254542990,40830914560,79038112400,1647,0,1193,1193,1.4
1786053502,266900,1363521536,80804705014,41292439552,79579883760,1648,0,1201,1201,1.4
1786053512,268740,962555904,81495676368,41564307456,80260313120,1651,0,1212,1212,1.4
1786053522,268836,1175625728,82098506198,41778204672,80853981520,1648,0,1221,1220,1.4
1786053532,269188,1256456192,82753574520,42129100800,81499064400,1648,0,1231,1231,1.4
1786053542,268132,1038127104,83400503318,42449432576,82136124720,1647,0,1240,1240,1.4
1786053553,267716,1351979008,83964370588,42899378176,82691401520,1648,0,1249,1249,1.4
1786053563,268128,959401984,84652691762,43179667456,83369230880,1650,0,1259,1259,1.4
1786053573,269580,1068568576,85380830926,43424133120,84086309840,1648,0,1270,1270,1.4
1786053583,268500,1291096064,86012396768,43782402048,84708237120,1649,0,1280,1280,1.4
1786053593,268204,1196638208,86666640362,44092203008,85352510880,1647,0,1290,1290,1.4
1786053603,268160,1132597248,87207782108,44567429120,85885397520,1649,0,1298,1297,1.4
1786053613,271948,903766016,87862557708,44877221888,86530166320,1650,0,1306,1306,1.4
1786053623,266384,1063313408,88529316108,45037387776,87186822320,1648,0,1318,1318,1.4
1786053633,268260,1296338944,89148671204,45406191616,87796726160,1648,0,1326,1326,1.4
1786053643,267484,1159897088,89854831910,45673844736,88492123200,1647,0,1337,1337,1.4
1786053653,268704,1146236928,90370833570,46199648256,89000241200,1649,0,1345,1345,1.4
1786053664,267384,914259968,91061847330,46506283008,89680702800,1650,0,1354,1354,1.4
1786053674,268324,1115795456,91841514776,46708596736,90448556640,1647,0,1366,1366,1.4
1786053684,268492,1119993856,92432832062,47117447168,91030786080,1649,0,1375,1375,1.4
1786053694,267780,1109512192,93170057278,47376670720,91756826720,1646,0,1386,1386,1.4
1786053704,267956,1234415616,93674992840,47906693120,92254021600,1651,0,1393,1393,1.4
1786053714,269092,954146816,94399248864,48164851712,92967273360,1649,0,1404,1403,1.4
1786053724,266944,1221824512,95054602868,48433561600,93612670320,1647,0,1415,1414,1.4
1786053734,267952,1133637632,95652349052,48749670400,94201257280,1649,0,1423,1422,1.4
1786053744,268288,1260662784,96384715788,49012056064,94922508720,1646,0,1435,1434,1.4
1786053754,267632,1123147776,96880946240,49548398592,95411113200,1652,0,1441,1441,1.4
1786053764,268576,1101099008,97604791876,49796022272,96123961440,1649,0,1452,1452,1.4
1786053774,267496,1127354368,98304772450,50092126208,96813303600,1647,0,1462,1462,1.4
1786053785,268640,1173528576,98975996260,50408239104,97474270400,1648,0,1471,1471,1.4
1786053795,268464,1367724032,99636593116,50738057216,98124833040,1646,0,1483,1483,1.4
1786053805,266944,1175629824,100269883778,51219611648,98748434720,1651,0,1491,1491,1.4
1786053815,269780,1177726976,101117302720,51491471360,99582984800,1648,0,1505,1505,1.4
1786053825,268228,1155686400,101775305972,51873976320,100230969280,1648,0,1514,1514,1.4
1786053835,268692,1211330560,102457692702,52199583744,100902934080,1647,0,1524,1524,1.4
1786053845,267064,1294249984,103097662860,52687458304,101533151200,1650,0,1533,1533,1.4
1786053855,267728,1076957184,103905891576,53008838656,102329074640,1649,0,1546,1545,1.4
1786053865,267540,1234419712,104738742102,53301780480,103149261280,1647,0,1558,1557,1.4
1786053875,268692,1137844224,105408868816,53744345088,103809135040,1648,0,1569,1569,1.4
1786053885,268184,1323626496,106074988942,54200602624,104465121280,1649,0,1578,1578,1.4
1786053895,267800,988790784,106859671902,54538854400,105237836080,1650,0,1590,1590,1.4
1786053906,268232,1156751360,107676998660,54842335232,106042747200,1648,0,1602,1602,1.4
1786053916,267384,1422303232,108394070346,55243800576,106748856240,1649,0,1612,1612,1.4
1786053926,268648,1232322560,108985743750,55592587264,107331536000,1647,0,1621,1621,1.4
1786053936,268356,1087463424,109578605480,56121556992,107915319200,1651,0,1631,1631,1.4
1786053946,267560,1039171584,110487906396,56342835200,108810812240,1649,0,1644,1644,1.4
1786053956,268660,1436995584,111227181976,56742199296,109538838240,1649,0,1655,1655,1.4
1786053966,267740,1222873088,112022303586,57066749952,110321833440,1647,0,1667,1666,1.4
1786053976,268840,1142046720,112562785934,57659998208,110854040960,1651,0,1675,1675,1.4
1786053986,268756,994029568,113432669840,57916047360,111710690000,1649,0,1687,1687,1.4
1786053996,267740,1349881856,114233253712,58273271808,112499116080,1648,0,1699,1699,1.4
1786054006,269072,1159901184,114983704910,58622058496,113238091200,1648,0,1710,1710,1.4
1786054017,267476,1432797184,115525720044,59030896640,113771854560,1650,0,1719,1719,1.4
1786054027,267084,915308544,116223584002,59455545344,114459048080,1651,0,1729,1729,1.4
1786054037,267896,1217626112,117054470372,59759026176,115277325280,1648,0,1742,1742,1.4
1786054047,267976,1173528576,117812187800,60119396352,116023471200,1649,0,1753,1753,1.4
1786054057,268176,1305792512,118533616316,60521922560,116733937840,1647,0,1764,1764,1.4
1786054067,269500,1074868224,119216673950,60964491264,117406536000,1651,0,1773,1773,1.4
1786054077,268872,1138888704,120010380488,61298515968,118188192720,1649,0,1785,1785,1.4
1786054087,268312,1248051200,120745298446,61677858816,118911911040,1649,0,1797,1797,1.4
1786054097,269384,1155686400,121156308992,61854887936,119316643680,1648,0,1803,1803,1.4
1786054107,267572,1178787840,121243812366,61878075392,119402817040,1648,0,1804,1804,1.4
1786054117,266880,1068580864,121337947634,61902315520,119495525760,1648,0,1806,1806,1.4
1786054127,268192,1155702784,121421787328,61989773312,119578090320,1648,0,1807,1807,1.4
1786054138,267792,1110560768,121497692762,62079336448,119652818480,1648,0,1808,1808,1.4
1786054148,268588,1130496000,121571624940,62234230784,119725616400,1650,0,1810,1810,1.4
1786054158,267496,1019232256,121649278280,62257414144,119802087600,1650,0,1811,1811,1.4
1786054168,267952,1040220160,121737989268,62278483968,119889450720,1650,0,1812,1812,1.4
1786054178,267148,1161994240,121808734678,62400724992,119959109920,1651,0,1812,1812,1.4
1786054188,268800,812449792,121883788052,62454460416,120033000880,1652,0,1815,1815,1.4
1786054198,268740,833441792,121973460404,62475534336,120121314560,1652,0,1816,1816,1.4
1786054208,268780,855482368,122069187860,62497660928,120215591600,1652,0,1816,1816,1.4
1786054218,269292,877527040,122162322836,62519791616,120307315440,1651,0,1818,1818,1.4
1786054228,267980,900620288,122254402868,62542970880,120398000320,1651,0,1820,1820,1.4
1786054238,268280,922669056,122348551604,62565105664,120490722560,1651,0,1821,1821,1.4
1786054248,269548,943661056,122440943156,62586179584,120581714240,1651,0,1822,1822,1.4
1786054259,270264,965697536,122531275508,62608302080,120670677920,1650,0,1825,1825,1.4
1786054269,268240,988790784,122625847700,62631485440,120763817200,1650,0,1825,1825,1.4
1786054279,269432,1076961280,122704093480,62720000000,120840876000,1650,0,1826,1826,1.4
1786054289,268340,1031827456,122785217756,62809567232,120920764640,1650,0,1827,1827,1.4
1786054299,268008,1053863936,122874065174,62831689728,121008247360,1649,0,1829,1829,1.4
1786054309,269904,939446272,122962672548,62851706880,121095502320,1649,0,1831,1831,1.4
1786054319,269464,961507328,123058415844,62873849856,121189794960,1649,0,1831,1831,1.4
1786054329,268740,984592384,123151980612,62897025024,121281942080,1649,0,1833,1833,1.4
1786054339,269332,1060159488,123238276786,62972887040,121366929840,1648,0,1835,1835,1.4
1786054349,269052,1094799360,123324120512,63007662080,121451451680,1648,0,1835,1835,1.4
1786054359,267468,1116856320,123413378672,63029800960,121539336880,1648,0,1836,1836,1.4
1786054370,269008,1003495424,123506264392,63050874880,121630810080,1648,0,1839,1839,1.4
1786054380,269576,1092706304,123590816176,63140433920,121714076640,1648,0,1840,1840,1.4
1786054390,269188,1180876800,123668727904,63228948480,121790779760,1650,0,1840,1840,1.4
1786054400,268200,1069608960,123757712832,63252127744,121878382080,1650,0,1843,1843,1.4
1786054410,268980,956243968,123852786234,63273201664,121971999760,1650,0,1844,1844,1.4
1786054420,269708,978288640,123948120858,63295332352,122065889920,1649,0,1844,1844,1.4
1786054430,268968,1002426368,124040376186,63319564288,122156747440,1649,0,1846,1846,1.4
1786054440,268880,1023426560,124133655834,63340642304,122248613760,1649,0,1847,1847,1.4
1786054450,269264,1045471232,124228235418,63362772992,122341760320,1649,0,1849,1849,1.4
1786054460,268316,1068560384,124320829722,63385952256,122432951680,1648,0,1850,1850,1.4
1786054470,268340,1089556480,124408888506,63407026176,122519676240,1648,0,1852,1852,1.4
1786054480,267348,1110560768,124498351770,63428108288,122607784000,1648,0,1853,1853,1.4
1786054490,269360,1064382464,124581348766,63516626944,122689518640,1648,0,1855,1855,1.4
1786054500,269496,1219727360,124651432828,63672573952,122758529920,1647,0,1855,1855,1.4
1786054511,269272,973053952,124741145168,63694700544,122846872720,1647,0,1856,1856,1.4
1786054521,270156,994045952,124835712080,63715774464,122940006800,1647,0,1859,1859,1.4
1786054531,270372,1053880320,124926758668,63775842304,123029673520,1647,0,1859,1859,1.4
1786054541,269900,1167233024,125002750398,63889637376,123104496320,1649,0,1861,1860,1.4
1786054551,270240,1059115008,125087077412,63915978752,123187518480,1649,0,1862,1862,1.4
1786054561,271040,948903936,125179089916,63940218880,123278127440,1649,0,1863,1863,1.4
1786054571,270208,1102155776,125247200500,64094060544,123345201200,1651,0,1864,1864,1.4
1786054581,270432,989843456,125332632446,64116191232,123429333040,1651,0,1866,1866,1.4
1786054591,270512,1010831360,125422268240,64137261056,123517607200,1651,0,1867,1867,1.4
1786054601,269960,898523136,125514335934,64159391744,123608278560,1651,0,1868,1868,1.4
1786054612,269204,921620480,125606937630,64182579200,123699477200,1650,0,1870,1870,1.4
1786054622,268952,943656960,125698171806,64204701696,123789329040,1650,0,1871,1871,1.4
1786054632,269532,964648960,125789943486,64225775616,123879710240,1650,0,1872,1872,1.4
1786054642,269284,1022377984,125877083870,64283729920,123965530000,1650,0,1874,1874,1.4
1786054652,270704,1072762880,125957430608,64334311424,124044640720,1650,0,1875,1875,1.4
1786054662,270572,960446464,126048380002,64356438016,124134199280,1649,0,1876,1876,1.4
1786054672,268476,984584192,126141161218,64380669952,124225574720,1649,0,1878,1878,1.4
1786054682,269788,1072762880,126225810070,64469188608,124308938000,1649,0,1879,1879,1.4
1786054692,270072,1093758976,126311475446,64490262528,124393288240,1649,0,1880,1880,1.4
1786054702,271480,1043369984,126891315782,64844312576,124964270080,1650,0,1888,1888,1.4
1786054712,270244,1012928512,127590017134,65083506688,125652356960,1648,0,1899,1899,1.4
1786054722,270656,1214459904,128221291976,65420697600,126274003440,1648,0,1909,1908,1.4
1786054732,270424,1182990336,128793416674,65658851328,126837410960,1650,0,1918,1918,1.4
1786054742,269820,1148329984,129376607476,66028699648,127411701040,1649,0,1925,1925,1.4
1786054753,269912,1094807552,129996755974,66379595776,128022386960,1650,0,1934,1934,1.4
1786054763,270768,1049665536,130601382474,66738913280,128617792160,1649,0,1944,1943,1.4
1786054773,270832,1182978048,131278857154,67007619072,129284988560,1649,0,1954,1954,1.4
1786054783,269052,1093758976,131917770580,67322683392,129914153200,1648,0,1964,1964,1.4
1786054793,270472,1163022336,132532662204,67661975552,130519660960,1649,0,1973,1972,1.4
1786054803,269512,1065418752,133177330642,67968618496,131154506080,1650,0,1982,1982,1.4
1786054813,269648,1063309312,133848237314,68236259328,131815173360,1648,0,1992,1992,1.4
1786054823,270548,1477926912,134434878622,68652482560,132392901680,1649,0,2001,2001,1.4
1786054833,269560,978305024,135083503914,68960182272,133031588560,1648,0,2011,2011,1.4
1786054843,269824,1155686400,135512907424,69138255872,133454478560,1650,0,2016,2016,1.4
1786054853,269524,1279545344,135819247544,69397471232,133756146160,1651,0,2021,2021,1.4
1786054864,269836,1188225024,136428794880,69710430208,134356372800,1650,0,2031,2031,1.4
1786054874,270612,1104265216,137199042190,69895892992,135114912400,1648,0,2042,2041,1.4
1786054884,269472,1541963776,137768763606,70335291392,135675899840,1649,0,2050,2050,1.4
1786054894,270652,1136799744,138494029876,70602940416,136390151040,1649,0,2062,2061,1.4
1786054904,269500,1161994240,139051911086,71167741952,136939484240,1651,0,2070,2070,1.4
1786054914,270512,1001381888,139909721908,71411146752,137784257520,1649,0,2083,2083,1.4
1786054924,274280,1353027584,140673159716,71764148224,138536087040,1649,0,2093,2093,1.4
1786054934,269868,1146249216,141436807580,72096075776,139288068400,1648,0,2105,2105,1.4
1786054944,268792,1391861760,142041197392,72612397056,139883226080,1652,0,2114,2114,1.4
1786054954,270940,1060167680,142804634084,72953806848,140635018160,1650,0,2125,2125,1.4
1786054964,271200,1172484096,143471617978,73201430528,141291860320,1648,0,2134,2134,1.4
1786054974,270552,1146228736,144191017006,73579712512,142000280240,1649,0,2146,2146,1.4
1786054985,269408,1383464960,144945794728,73952739328,142743575520,1650,0,2157,2157,1.4
1786054995,269580,1262759936,145368798400,74371076096,143160082000,1651,0,2164,2164,1.4
1786055005,269832,1016082432,145453383944,74393198592,143243369360,1651,0,2166,2166,1.4
1786055015,270788,1037078528,145545478188,74414272512,143334056320,1651,0,2166,2166,1.4
1786055025,270852,924762112,145640662252,74436399104,143427795680,1651,0,2168,2168,1.4
1786055035,270068,946810880,145729218412,74458533888,143515010080,1651,0,2169,2169,1.4
1786055045,270072,968847360,145821817996,74480656384,143606206640,1650,0,2171,2171,1.4
1786055055,270160,990887936,145915605580,74502782976,143698573200,1650,0,2172,2172,1.4
1786055065,269396,945750016,145996163550,74592350208,143777904400,1650,0,2173,2173,1.4
1786055075,269980,1033924608,146072863828,74680864768,143853437520,1650,0,2175,2175,1.4
1786055085,270604,1054916608,146161090486,74701938688,143940322240,1650,0,2176,2176,1.4
1786055095,270188,942600192,146255153422,74724065280,144032956080,1649,0,2177,2177,1.4
1786055106,268672,966737920,146349333838,74748297216,144125709520,1649,0,2178,2178,1.4
1786055116,268444,987734016,146441151982,74769375232,144216136480,1649,0,2181,2181,1.4
1786055126,270876,1008734208,146536414798,74790453248,144309955920,1649,0,2181,2181,1.4
1786055136,269064,1032880128,146630717710,74814689280,144402830000,1648,0,2183,2183,1.4
1786055146,269428,1054924800,146723765038,74836819968,144494467520,1648,0,2185,2185,1.4
1786055156,269984,1209225216,146795251452,74991718400,144564858880,1650,0,2185,2185,1.4
1786055166,270352,1230217216,146875563500,75012792320,144643933200,1650,0,2186,2186,1.4
1786055176,269580,1118953472,146968248304,75035975680,144735192160,1650,0,2188,2188,1.4
1786055186,270748,1031823360,147062120980,75083386880,144827628400,1650,0,2190,2190,1.4
1786055196,270948,1113698304,147491844150,75300454400,145250788800,1649,0,2195,2195,1.4
1786055206,271688,1158832128,148176244726,75615518720,145924782640,1650,0,2205,2205,1.4
1786055216,269924,1286889472,148737372388,76013826048,146477357520,1651,0,2215,2213,1.4
1786055227,270168,1206071296,149427171220,76337328128,147156630400,1649,0,2224,2224,1.4
1786055237,271604,1165139968,150160962956,76565987328,147879291040,1649,0,2235,2235,1.4
1786055247,270112,1260650496,150479354180,76796751872,148192808400,1649,0,2240,2240,1.4
1786055257,269728,1148338176,150564119046,76818878464,148276259040,1649,0,2242,2242,1.4
1786055267,270096,1169334272,150655146138,76839956480,148365893520,1649,0,2243,2243,1.4
