# ADR-0163 D2: the cell-crate items that still name a std HashMap, HashSet or VecDeque, each
# under a `container: <record>` allow. Generated: `INF_CONTAINER_CENSUS=1
# scripts/check-lint-scopes.sh` prints the first four columns (count: the distinct spans the
# allow covers). `expiry` is assigned by hand (T: 2026-10-31, the date of ADR-0170 DV-1 and
# DV-2; every other record: 2026-11-30) and only moves earlier. Per file and record the counts
# only shrink against the approved copies; their sum is CONTAINER_EXEMPTIONS_MAX at most.
# file	item	count	record	expiry
crates/inf-log/src/commit.rs	fn GroupCommit::with_flush_bound	2	T	2026-10-31
crates/inf-log/src/commit.rs	struct GroupCommit	2	T	2026-10-31
crates/inf-log/src/commit.rs	use std::collections::VecDeque	1	T	2026-10-31
crates/inf-log/src/flush.rs	fn TierFlush::with_catalog	1	T	2026-10-31
crates/inf-log/src/flush.rs	struct TierFlush	1	T	2026-10-31
crates/inf-runtime/src/cold.rs	fn ColdReads::with_config	5	C	2026-11-30
crates/inf-runtime/src/cold.rs	fn ColdState::unpin	1	C	2026-11-30
crates/inf-runtime/src/cold.rs	struct ColdState	4	C	2026-11-30
crates/inf-runtime/src/cold.rs	use std::collections::{…}	2	C	2026-11-30
crates/inf-runtime/src/executor.rs	fn CellExecutor::new	1	E	2026-11-30
crates/inf-runtime/src/executor.rs	struct CellExecutor	1	E	2026-11-30
crates/inf-runtime/src/executor.rs	struct TaskHeader	1	E	2026-11-30
crates/inf-runtime/src/executor.rs	use std::collections::VecDeque	1	E	2026-11-30
crates/inf-runtime/src/gate.rs	fn KeyedGate::new	1	E	2026-11-30
crates/inf-runtime/src/gate.rs	fn WaitList::new	1	E	2026-11-30
crates/inf-runtime/src/gate.rs	fn wake_one_in	2	E	2026-11-30
crates/inf-runtime/src/gate.rs	struct GateWait	1	E	2026-11-30
crates/inf-runtime/src/gate.rs	struct KeyedGate	1	E	2026-11-30
crates/inf-runtime/src/gate.rs	struct ListWait	2	E	2026-11-30
crates/inf-runtime/src/gate.rs	struct WaitList	2	E	2026-11-30
crates/inf-runtime/src/gate.rs	use std::collections::{…}	2	E	2026-11-30
crates/inf-runtime/src/kqueue.rs	fn KqueueDriver::new	3	D	2026-11-30
crates/inf-runtime/src/kqueue.rs	fn drain_sends	1	D	2026-11-30
crates/inf-runtime/src/kqueue.rs	fn fail_queue	1	D	2026-11-30
crates/inf-runtime/src/kqueue.rs	struct KqueueDriver	3	D	2026-11-30
crates/inf-runtime/src/kqueue.rs	struct SendQueue	1	D	2026-11-30
crates/inf-runtime/src/kqueue.rs	use std::collections::HashMap	1	D	2026-11-30
crates/inf-runtime/src/kqueue.rs	use std::collections::VecDeque	1	D	2026-11-30
crates/inf-runtime/src/uring.rs	fn UringDriver::handle_recv_payload	1	D	2026-11-30
crates/inf-runtime/src/uring.rs	fn UringDriver::new	6	D	2026-11-30
crates/inf-runtime/src/uring.rs	struct UringDriver	6	D	2026-11-30
crates/inf-runtime/src/uring.rs	use std::collections::{…}	2	D	2026-11-30
crates/inf-server/src/durable.rs	fn DurableCell::new	2	T	2026-10-31
crates/inf-server/src/durable.rs	fn coalesce_ack_map	1	T	2026-10-31
crates/inf-server/src/durable.rs	struct DurableCell	2	T	2026-10-31
crates/inf-server/src/durable.rs	use std::collections::VecDeque	1	T	2026-10-31
crates/inf-server/src/plane.rs	fn ServerPlane::admit_accepted	1	A	2026-11-30
crates/inf-server/src/plane.rs	fn ServerPlane::new	4	E	2026-11-30
crates/inf-server/src/plane.rs	struct Conn	1	A	2026-11-30
crates/inf-server/src/plane.rs	struct Shared	4	E	2026-11-30
crates/inf-server/src/plane.rs	use std::collections::VecDeque	1	A	2026-11-30
crates/inf-server/src/plane/dispatch.rs	fn dispatch_mirror	1	A	2026-11-30
crates/inf-server/src/plane/dispatch.rs	fn dispatch_one	1	A	2026-11-30
crates/inf-server/src/plane/dispatch.rs	fn dispatch_one_fast	1	A	2026-11-30
crates/inf-server/src/plane/dispatch.rs	fn pump	2	A	2026-11-30
crates/inf-server/src/plane/ns_ddl.rs	fn dispatch_ns	1	A	2026-11-30
crates/inf-server/src/plane/publish.rs	fn dispatch_pubsub	1	A	2026-11-30
crates/inf-server/src/tier_cell.rs	fn TierCell::create_ns	1	T	2026-10-31
crates/inf-server/src/tier_cell.rs	struct TierNs	1	T	2026-10-31
crates/inf-server/src/tier_cell.rs	use std::collections::VecDeque	1	T	2026-10-31
crates/inf-store/src/address_space.rs	fn AddressSpace::new	2	R	2026-11-30
crates/inf-store/src/address_space.rs	struct AddressSpace	2	R	2026-11-30
crates/inf-store/src/address_space.rs	use std::collections::VecDeque	1	R	2026-11-30
crates/inf-store/src/tiered.rs	fn TieredTable::new	3	R	2026-11-30
crates/inf-store/src/tiered.rs	struct TieredTable	3	R	2026-11-30
crates/inf-store/src/tiered.rs	use std::collections::{…}	2	R	2026-11-30
crates/inf-store/src/tiered/shadow.rs	fn ShadowSet::new	1	R	2026-11-30
crates/inf-store/src/tiered/shadow.rs	struct ShadowSet	1	R	2026-11-30
crates/inf-store/src/tiered/shadow.rs	use std::collections::{…}	1	R	2026-11-30
