# ADR-0144 D3: the disclosed lint backlog — a list of debts, not a budget.
# One row per (family, file); scripts/check-lint-ratchet.sh keeps every row
# equal to the tree and the totals below their approved copies.
# family<TAB>count<TAB>file
arith	48	crates/inf-doc/src/arena.rs
arith	89	crates/inf-doc/src/json.rs
arith	2	crates/inf-doc/src/model.rs
arith	17	crates/inf-doc/src/path/cache.rs
arith	23	crates/inf-doc/src/path/eval.rs
arith	36	crates/inf-doc/src/path/parse.rs
arith	31	crates/inf-doc/src/path/program.rs
arith	81	crates/inf-doc/src/tape.rs
arith	3	crates/inf-fabric/src/codec.rs
arith	62	crates/inf-log/src/ckpt/read.rs
arith	69	crates/inf-log/src/tier.rs
arith	11	crates/inf-query/src/access.rs
arith	3	crates/inf-query/src/page.rs
arith	17	crates/inf-query/src/partiql/cache.rs
arith	8	crates/inf-query/src/partiql/compile.rs
arith	22	crates/inf-query/src/partiql/lex.rs
arith	6	crates/inf-query/src/partiql/parse.rs
arith	32	crates/inf-query/src/predicate/program.rs
arith	17	crates/inf-query/src/predicate/vm.rs
arith	21	crates/inf-server/src/glob.rs
arith	2	crates/inf-server/src/plane/scatter.rs
arith	3	crates/inf-store/src/catalog.rs
arith	14	crates/inf-store/src/index_key.rs
arith	19	crates/inf-wire/src/parser.rs
arith	23	crates/inf-wire/src/writer.rs
cast	10	crates/inf-doc/src/arena.rs
cast	16	crates/inf-doc/src/json.rs
cast	1	crates/inf-doc/src/path/ast.rs
cast	5	crates/inf-doc/src/path/cache.rs
cast	15	crates/inf-doc/src/path/eval.rs
cast	3	crates/inf-doc/src/path/program.rs
cast	11	crates/inf-doc/src/tape.rs
cast	5	crates/inf-fabric/src/codec.rs
cast	4	crates/inf-log/src/tier.rs
cast	5	crates/inf-query/src/access.rs
cast	5	crates/inf-query/src/partiql/cache.rs
cast	1	crates/inf-query/src/partiql/compile.rs
cast	1	crates/inf-query/src/partiql/parse.rs
cast	13	crates/inf-query/src/predicate/program.rs
cast	1	crates/inf-query/src/predicate/vm.rs
cast	1	crates/inf-server/src/plane/scatter.rs
cast	7	crates/inf-store/src/catalog.rs
cast	6	crates/inf-store/src/index_key.rs
cast	5	crates/inf-wire/src/parser.rs
cast	6	crates/inf-wire/src/writer.rs
fn_length	1	bins/inf-bench/src/bootstorm.rs
fn_length	1	bins/inf-bench/src/load.rs
fn_length	3	bins/inf-bench/src/m2rows.rs
fn_length	4	bins/inf-bench/src/m45rows.rs
fn_length	3	bins/inf-bench/src/m45rows/s37.rs
fn_length	2	bins/inf-bench/src/m45rows/s39b.rs
fn_length	1	bins/inf-bench/src/m45rows/s39d.rs
fn_length	3	bins/inf-bench/src/m45rows/s40.rs
fn_length	1	bins/inf-bench/src/m45rows/s42.rs
fn_length	1	bins/inf-bench/src/mixedaudit.rs
fn_length	1	bins/inf-bench/src/ycsb.rs
fn_length	1	bins/inf-bench/src/zipfian.rs
fn_length	2	bins/inf-compare/src/main.rs
fn_length	1	bins/inf-compare/src/report.rs
fn_length	1	bins/inf-compare/src/workload.rs
fn_length	3	bins/infinityd/src/main.rs
fn_length	1	bins/inf-sim/src/backfill.rs
fn_length	1	bins/inf-sim/src/bootstorm.rs
fn_length	2	bins/inf-sim/src/coldstorm.rs
fn_length	1	bins/inf-sim/src/diskfull.rs
fn_length	1	bins/inf-sim/src/document.rs
fn_length	4	bins/inf-sim/src/durable/audit.rs
fn_length	1	bins/inf-sim/src/durable.rs
fn_length	1	bins/inf-sim/src/harness/audit.rs
fn_length	1	bins/inf-sim/src/harness/idle.rs
fn_length	1	bins/inf-sim/src/harness.rs
fn_length	1	bins/inf-sim/src/lift.rs
fn_length	3	bins/inf-sim/src/main.rs
fn_length	1	bins/inf-sim/src/net.rs
fn_length	2	bins/inf-sim/src/recovery.rs
fn_length	1	bins/inf-sim/src/sidecar.rs
fn_length	1	bins/inf-sim/src/steel.rs
fn_length	4	bins/inf-sim/src/tiered/late.rs
fn_length	2	bins/inf-sim/src/tiered/support.rs
fn_length	3	bins/inf-sim/src/txmodel/acquisition.rs
fn_length	1	bins/inf-sim/src/txmodel/durable.rs
fn_length	1	bins/inf-sim/src/txmodel/watch.rs
fn_length	1	bins/inf/src/main.rs
fn_length	1	crates/inf-doc/src/apply.rs
fn_length	2	crates/inf-doc/src/json.rs
fn_length	1	crates/inf-doc/src/merge.rs
fn_length	1	crates/inf-doc/src/path/eval.rs
fn_length	1	crates/inf-doc/src/ser.rs
fn_length	1	crates/inf-doc/src/tape.rs
fn_length	1	crates/inf-log/src/ckpt/read.rs
fn_length	1	crates/inf-log/src/reader.rs
fn_length	2	crates/inf-log/src/record.rs
fn_length	1	crates/inf-query/src/partiql/mod.rs
fn_length	1	crates/inf-query/src/predicate/program.rs
fn_length	1	crates/inf-runtime/src/reactor.rs
fn_length	2	crates/inf-runtime/src/uring.rs
fn_length	2	crates/inf-server/src/admin.rs
fn_length	1	crates/inf-server/src/ckpt.rs
fn_length	1	crates/inf-server/src/config.rs
fn_length	1	crates/inf-server/src/control.rs
fn_length	2	crates/inf-server/src/durable/ckpt.rs
fn_length	3	crates/inf-server/src/durable.rs
fn_length	2	crates/inf-server/src/exec.rs
fn_length	4	crates/inf-server/src/plane/cell_loop.rs
fn_length	3	crates/inf-server/src/plane/dispatch.rs
fn_length	1	crates/inf-server/src/plane/fabric.rs
fn_length	2	crates/inf-server/src/plane/ns_ddl.rs
fn_length	2	crates/inf-server/src/plane/publish.rs
fn_length	1	crates/inf-server/src/plane/pumps.rs
fn_length	3	crates/inf-server/src/plane.rs
fn_length	2	crates/inf-server/src/plane/shared.rs
fn_length	2	crates/inf-server/src/plane/tiered.rs
fn_length	1	crates/inf-server/src/plane/tiered/write.rs
fn_length	4	crates/inf-server/src/recover.rs
fn_length	1	crates/inf-server/src/tier_cell.rs
fn_length	1	crates/inf-store/src/doc.rs
fn_length	1	crates/inf-store/src/evict.rs
fn_length	1	crates/inf-store/src/keyspace.rs
fn_length	1	crates/inf-store/src/store.rs
fn_length	1	crates/inf-store/src/tiered/compact.rs
fn_length	1	crates/inf-store/src/tiered_recover.rs
fn_length	1	tests/compat/src/harness.rs
fn_length	2	tests/compat/src/matrixgen.rs
fn_length	1	tests/crash-matrix/src/lib.rs
